label,hero,outs,samples,avg_ev_4x,avg_ev_check,avg_best_ev,avg_check_minus_4x,check_better_rate,preferred_action_by_average
22,2c 2d,0,628,0.108151551,0.070532510,0.116997222,-0.037619041,0.202229,4x
22,2c 2d,1,341,-0.865467595,-0.543970510,-0.543970510,0.321497085,1.000000,check
22,2c 2d,2,31,-1.834679494,-1.090316841,-1.090316841,0.744362653,1.000000,check
33,3c 3d,0,637,0.456750737,0.254930599,0.458923056,-0.201820138,0.031397,4x
33,3c 3d,1,325,-0.455857448,-0.346497271,-0.341189472,0.109360178,0.830769,check
33,3c 3d,2,38,-1.392871086,-0.884819867,-0.884819867,0.508051220,1.000000,check
44,4c 4d,0,618,0.790003834,0.445048776,0.790040937,-0.344955059,0.003236,4x
44,4c 4d,1,348,-0.043095556,-0.129190662,-0.021088174,-0.086095106,0.244253,4x
44,4c 4d,2,34,-0.908867047,-0.654736140,-0.654301208,0.254130908,0.970588,check
55,5c 5d,0,642,1.141572078,0.656882639,1.141572078,-0.484689439,0.000000,4x
55,5c 5d,1,317,0.353303110,0.096820628,0.355749561,-0.256482482,0.044164,4x
55,5c 5d,2,41,-0.382765359,-0.375553926,-0.327326377,0.007211432,0.512195,check
A2o,Ac 2d,0,249,0.480444528,0.185035228,0.480444528,-0.295409299,0.000000,4x
A2o,Ac 2d,1,403,0.108721072,-0.041494082,0.109393848,-0.150215153,0.014888,4x
A2o,Ac 2d,2,258,-0.237463323,-0.243517775,-0.216834891,-0.006054452,0.422481,4x
A2o,Ac 2d,3,82,-0.606421166,-0.450687786,-0.450687786,0.155733380,1.000000,check
A2o,Ac 2d,4,8,-0.912729941,-0.614241046,-0.614241046,0.298488895,1.000000,check
A2s,Ac 2c,0,243,0.757222480,0.381912951,0.757222480,-0.375309530,0.000000,4x
A2s,Ac 2c,1,410,0.441898239,0.189717932,0.441929183,-0.252180307,0.002439,4x
A2s,Ac 2c,2,255,0.169558696,0.034840984,0.172704641,-0.134717712,0.054902,4x
A2s,Ac 2c,3,77,-0.144912405,-0.140712012,-0.106882945,0.004200393,0.467532,check
A2s,Ac 2c,4,14,-0.393600372,-0.259951117,-0.259951117,0.133649255,1.000000,check
A2s,Ac 2c,5,1,-1.098244730,-0.702865405,-0.702865405,0.395379325,1.000000,check
A3o,Ac 3d,0,227,0.547078910,0.223909634,0.547078910,-0.323169275,0.000000,4x
A3o,Ac 3d,1,391,0.224851463,0.022232909,0.224868191,-0.202618554,0.002558,4x
A3o,Ac 3d,2,298,-0.140298348,-0.194703962,-0.132186163,-0.054405614,0.197987,4x
A3o,Ac 3d,3,72,-0.463709421,-0.374120811,-0.370770018,0.089588610,0.888889,check
A3o,Ac 3d,4,11,-0.839364743,-0.588490641,-0.588490641,0.250874102,1.000000,check
A3o,Ac 3d,5,1,-1.345947123,-0.876237542,-0.876237542,0.469709581,1.000000,check
A3s,Ac 3c,0,230,0.859812966,0.444785345,0.859812966,-0.415027621,0.000000,4x
A3s,Ac 3c,1,418,0.550929125,0.254377881,0.550929125,-0.296551244,0.000000,4x
A3s,Ac 3c,2,263,0.269426699,0.088444257,0.270555397,-0.180982443,0.026616,4x
A3s,Ac 3c,3,78,-0.010209774,-0.063515666,0.006095488,-0.053305892,0.294872,4x
A3s,Ac 3c,4,10,-0.314360019,-0.225942272,-0.213141691,0.088417748,0.700000,check
A3s,Ac 3c,5,1,-0.537892909,-0.358288967,-0.358288967,0.179603942,1.000000,check
A4o,Ac 4d,0,228,0.628619264,0.269371548,0.628619264,-0.359247717,0.000000,4x
A4o,Ac 4d,1,415,0.311768420,0.069486951,0.311774721,-0.242281469,0.002410,4x
A4o,Ac 4d,2,258,0.002263873,-0.114382922,0.004642184,-0.116646795,0.050388,4x
A4o,Ac 4d,3,89,-0.354512827,-0.314814091,-0.302322986,0.039698736,0.685393,check
A4o,Ac 4d,4,10,-0.783445591,-0.551319908,-0.551319908,0.232125683,1.000000,check
A4s,Ac 4c,0,219,0.936887987,0.489018471,0.936887987,-0.447869516,0.000000,4x
A4s,Ac 4c,1,431,0.637606117,0.303333795,0.637606117,-0.334272322,0.000000,4x
A4s,Ac 4c,2,264,0.350395741,0.130162851,0.350618258,-0.220232889,0.003788,4x
A4s,Ac 4c,3,71,0.010088696,-0.064409447,0.018970746,-0.074498144,0.183099,4x
A4s,Ac 4c,4,15,-0.398070364,-0.297042317,-0.283457177,0.101028047,0.800000,check
A5o,Ac 5d,0,239,0.743813369,0.335552328,0.743813369,-0.408261041,0.000000,4x
A5o,Ac 5d,1,414,0.422590913,0.131911390,0.422590913,-0.290679524,0.000000,4x
A5o,Ac 5d,2,256,0.092002446,-0.066970962,0.093081380,-0.158973408,0.015625,4x
A5o,Ac 5d,3,77,-0.246538903,-0.266207025,-0.228073187,-0.019668122,0.324675,4x
A5o,Ac 5d,4,13,-0.533881433,-0.424014705,-0.424014705,0.109866727,1.000000,check
A5o,Ac 5d,5,1,-0.770412962,-0.529864182,-0.529864182,0.240548780,1.000000,check
A5s,Ac 5c,0,242,1.027800466,0.542161271,1.027800466,-0.485639194,0.000000,4x
A5s,Ac 5c,1,465,0.726193426,0.349265710,0.726193426,-0.376927717,0.000000,4x
A5s,Ac 5c,2,221,0.461961841,0.191591545,0.462127103,-0.270370296,0.004525,4x
A5s,Ac 5c,3,55,0.168099826,0.027196204,0.174859108,-0.140903623,0.109091,4x
A5s,Ac 5c,4,15,-0.056325008,-0.101214092,-0.045892644,-0.044889084,0.466667,4x
A5s,Ac 5c,5,2,-0.428109427,-0.299956630,-0.299956630,0.128152798,1.000000,check
A6o,Ac 6d,0,229,0.729460459,0.316047672,0.729460459,-0.413412787,0.000000,4x
A6o,Ac 6d,1,459,0.402593549,0.109762161,0.402593549,-0.292831388,0.000000,4x
A6o,Ac 6d,2,251,0.069740639,-0.092756021,0.070320768,-0.162496660,0.015936,4x
A6o,Ac 6d,3,58,-0.272613501,-0.289374728,-0.257541663,-0.016761226,0.310345,4x
A6o,Ac 6d,4,3,-0.731199425,-0.549218304,-0.549218304,0.181981121,1.000000,check
A6s,Ac 6c,0,260,1.016131944,0.518902179,1.016131944,-0.497229765,0.000000,4x
A6s,Ac 6c,1,393,0.695460251,0.312684533,0.695460251,-0.382775718,0.000000,4x
A6s,Ac 6c,2,261,0.399754186,0.134546601,0.399754186,-0.265207585,0.000000,4x
A6s,Ac 6c,3,79,0.070461358,-0.055098596,0.072232986,-0.125559953,0.063291,4x
A6s,Ac 6c,4,7,-0.111955097,-0.149201707,-0.102194914,-0.037246610,0.285714,4x
A7o,Ac 7d,0,250,0.865789684,0.394949508,0.865789684,-0.470840176,0.000000,4x
A7o,Ac 7d,1,427,0.526971577,0.177826424,0.526971577,-0.349145152,0.000000,4x
A7o,Ac 7d,2,245,0.180157989,-0.032966041,0.180157989,-0.213124030,0.000000,4x
A7o,Ac 7d,3,64,-0.154044301,-0.225940739,-0.152359215,-0.071896438,0.046875,4x
A7o,Ac 7d,4,12,-0.594178167,-0.477645633,-0.477645633,0.116532534,1.000000,check
A7o,Ac 7d,5,2,-0.920437700,-0.643305007,-0.643305007,0.277132694,1.000000,check
A7s,Ac 7c,0,243,1.140656737,0.592188471,1.140656737,-0.548468265,0.000000,4x
A7s,Ac 7c,1,406,0.830603844,0.392692040,0.830603844,-0.437911804,0.000000,4x
A7s,Ac 7c,2,260,0.524650039,0.205643077,0.524650039,-0.319006962,0.000000,4x
A7s,Ac 7c,3,80,0.238752606,0.048327365,0.238752606,-0.190425240,0.000000,4x
A7s,Ac 7c,4,11,-0.122113245,-0.156848655,-0.099244289,-0.034735409,0.272727,4x
A8o,Ac 8d,0,257,1.003728423,0.476356867,1.003728423,-0.527371556,0.000000,4x
A8o,Ac 8d,1,392,0.654259508,0.249500629,0.654259508,-0.404758878,0.000000,4x
A8o,Ac 8d,2,259,0.284729043,0.023917596,0.284729043,-0.260811448,0.000000,4x
A8o,Ac 8d,3,83,-0.092063313,-0.192300762,-0.090975648,-0.100237448,0.048193,4x
A8o,Ac 8d,4,8,-0.426338172,-0.375567167,-0.375567167,0.050771005,1.000000,check
A8o,Ac 8d,5,1,-1.015826539,-0.718860339,-0.718860339,0.296966200,1.000000,check
A8s,Ac 8c,0,256,1.227366152,0.638562104,1.227366152,-0.588804048,0.000000,4x
A8s,Ac 8c,1,405,0.938653818,0.454133456,0.938653818,-0.484520361,0.000000,4x
A8s,Ac 8c,2,231,0.605263420,0.248861544,0.605263420,-0.356401876,0.000000,4x
A8s,Ac 8c,3,95,0.278533613,0.061616214,0.278533613,-0.216917399,0.000000,4x
A8s,Ac 8c,4,11,-0.056281961,-0.123474273,-0.056281961,-0.067192311,0.000000,4x
A8s,Ac 8c,5,2,-0.395950124,-0.299125158,-0.299125158,0.096824966,1.000000,check
A9o,Ac 9d,0,252,1.099788546,0.532210972,1.099788546,-0.567577573,0.000000,4x
A9o,Ac 9d,1,420,0.749458710,0.305507599,0.749458710,-0.443951111,0.000000,4x
A9o,Ac 9d,2,241,0.377596441,0.075704718,0.377596441,-0.301891723,0.000000,4x
A9o,Ac 9d,3,71,-0.036713137,-0.162951936,-0.036713137,-0.126238799,0.000000,4x
A9o,Ac 9d,4,15,-0.450700406,-0.392814326,-0.391936612,0.057886079,0.933333,check
A9o,Ac 9d,5,1,-0.861406390,-0.609454996,-0.609454996,0.251951394,1.000000,check
A9s,Ac 9c,0,235,1.333244688,0.702444249,1.333244688,-0.630800440,0.000000,4x
A9s,Ac 9c,1,430,1.021130355,0.500295713,1.021130355,-0.520834642,0.000000,4x
A9s,Ac 9c,2,246,0.689748342,0.297938300,0.689748342,-0.391810042,0.000000,4x
A9s,Ac 9c,3,82,0.375673743,0.117479666,0.375673743,-0.258194077,0.000000,4x
A9s,Ac 9c,4,6,-0.012903525,-0.103558060,-0.006007926,-0.090654535,0.166667,4x
A9s,Ac 9c,5,1,-0.543724138,-0.391702817,-0.391702817,0.152021321,1.000000,check
J2o,Jc 2d,0,235,-0.522100735,-0.276510189,-0.276510189,0.245590547,1.000000,check
J2o,Jc 2d,1,411,-0.981163766,-0.518341341,-0.518341341,0.462822425,1.000000,check
J2o,Jc 2d,2,278,-1.452391171,-0.754713749,-0.754713749,0.697677422,1.000000,check
J2o,Jc 2d,3,70,-1.913607527,-0.969724602,-0.969724602,0.943882925,1.000000,check
J2o,Jc 2d,4,6,-2.502684869,-1.240586295,-1.240586295,1.262098573,1.000000,check
J2s,Jc 2c,0,240,-0.202835738,-0.082235884,-0.075780922,0.120599854,0.875000,check
J2s,Jc 2c,1,411,-0.622617473,-0.307308110,-0.307308110,0.315309363,1.000000,check
J2s,Jc 2c,2,250,-1.013776030,-0.504173872,-0.504173872,0.509602158,1.000000,check
J2s,Jc 2c,3,81,-1.366128217,-0.657243260,-0.657243260,0.708884957,1.000000,check
J2s,Jc 2c,4,16,-1.771044922,-0.813233844,-0.813233844,0.957811077,1.000000,check
J2s,Jc 2c,5,2,-2.519374213,-1.147307483,-1.147307483,1.372066730,1.000000,check
J3o,Jc 3d,0,232,-0.427458246,-0.228872045,-0.228872045,0.198586200,1.000000,check
J3o,Jc 3d,1,446,-0.865023962,-0.463591430,-0.463591430,0.401432532,1.000000,check
J3o,Jc 3d,2,245,-1.318893998,-0.691555956,-0.691555956,0.627338042,1.000000,check
J3o,Jc 3d,3,70,-1.821573684,-0.929391034,-0.929391034,0.892182649,1.000000,check
J3o,Jc 3d,4,7,-2.219859413,-1.099049208,-1.099049208,1.120810205,1.000000,check
J3s,Jc 3c,0,234,-0.116640486,-0.038004676,-0.025474316,0.078635810,0.790598,check
J3s,Jc 3c,1,402,-0.518848412,-0.258230352,-0.258230352,0.260618060,1.000000,check
J3s,Jc 3c,2,260,-0.881524303,-0.435760602,-0.435760602,0.445763702,1.000000,check
J3s,Jc 3c,3,92,-1.301301002,-0.637199144,-0.637199144,0.664101858,1.000000,check
J3s,Jc 3c,4,12,-1.739864492,-0.824861513,-0.824861513,0.915002979,1.000000,check
J4o,Jc 4d,0,257,-0.323647312,-0.177754170,-0.177642525,0.145893142,0.992218,check
J4o,Jc 4d,1,417,-0.782917538,-0.423761410,-0.423761410,0.359156128,1.000000,check
J4o,Jc 4d,2,242,-1.214422764,-0.643770717,-0.643770717,0.570652047,1.000000,check
J4o,Jc 4d,3,71,-1.683870293,-0.870672510,-0.870672510,0.813197783,1.000000,check
J4o,Jc 4d,4,11,-2.187517290,-1.086089489,-1.086089489,1.101427802,1.000000,check
J4o,Jc 4d,5,2,-2.661432280,-1.296422949,-1.296422949,1.365009331,1.000000,check
J4s,Jc 4c,0,251,-0.031548163,0.003647656,0.029226727,0.035195819,0.621514,check
J4s,Jc 4c,1,379,-0.386088909,-0.187552000,-0.187041651,0.198536909,0.970976,check
J4s,Jc 4c,2,281,-0.829247467,-0.418615777,-0.418615777,0.410631689,1.000000,check
J4s,Jc 4c,3,80,-1.188129652,-0.580647001,-0.580647001,0.607482651,1.000000,check
J4s,Jc 4c,4,8,-1.704295091,-0.837741745,-0.837741745,0.866553346,1.000000,check
J4s,Jc 4c,5,1,-2.046901497,-0.990013740,-0.990013740,1.056887757,1.000000,check
J5o,Jc 5d,0,233,-0.229861842,-0.134955841,-0.133424568,0.094906002,0.931330,check
J5o,Jc 5d,1,441,-0.657239556,-0.367246263,-0.367246263,0.289993293,1.000000,check
J5o,Jc 5d,2,245,-1.088373483,-0.588775341,-0.588775341,0.499598142,1.000000,check
J5o,Jc 5d,3,70,-1.552256218,-0.814750088,-0.814750088,0.737506130,1.000000,check
J5o,Jc 5d,4,11,-2.019225868,-1.015046940,-1.015046940,1.004178928,1.000000,check
J5s,Jc 5c,0,227,0.082209161,0.062805149,0.115187848,-0.019404012,0.409692,4x
J5s,Jc 5c,1,408,-0.302584977,-0.148983072,-0.145193876,0.153601904,0.904412,check
J5s,Jc 5c,2,274,-0.682605721,-0.347022610,-0.347022610,0.335583111,1.000000,check
J5s,Jc 5c,3,75,-1.059413253,-0.530074184,-0.530074184,0.529339069,1.000000,check
J5s,Jc 5c,4,15,-1.579308236,-0.762934897,-0.762934897,0.816373339,1.000000,check
J5s,Jc 5c,5,1,-1.697740016,-0.776329866,-0.776329866,0.921410150,1.000000,check
J6o,Jc 6d,0,205,-0.148344417,-0.092646053,-0.084490586,0.055698364,0.756098,check
J6o,Jc 6d,1,427,-0.582044607,-0.330545874,-0.330545874,0.251498733,1.000000,check
J6o,Jc 6d,2,291,-1.053001747,-0.570252187,-0.570252187,0.482749560,1.000000,check
J6o,Jc 6d,3,71,-1.518585031,-0.800556209,-0.800556209,0.718028822,1.000000,check
J6o,Jc 6d,4,6,-2.128400464,-1.104885666,-1.104885666,1.023514798,1.000000,check
J6s,Jc 6c,0,223,0.141999908,0.090263169,0.162352920,-0.051736739,0.313901,4x
J6s,Jc 6c,1,446,-0.229672456,-0.116420716,-0.109949251,0.113251741,0.867713,check
J6s,Jc 6c,2,246,-0.634728172,-0.325804274,-0.325804274,0.308923898,1.000000,check
J6s,Jc 6c,3,76,-0.994535877,-0.499043621,-0.499043621,0.495492256,1.000000,check
J6s,Jc 6c,4,9,-1.614729291,-0.800523264,-0.800523264,0.814206027,1.000000,check
J7o,Jc 7d,0,247,0.049725955,0.016069553,0.067204745,-0.033656402,0.331984,4x
J7o,Jc 7d,1,423,-0.391703674,-0.226728015,-0.226241623,0.164975659,0.985816,check
J7o,Jc 7d,2,244,-0.833235938,-0.453222099,-0.453222099,0.380013839,1.000000,check
J7o,Jc 7d,3,77,-1.328740220,-0.692187406,-0.692187406,0.636552815,1.000000,check
J7o,Jc 7d,4,9,-1.785545343,-0.900996760,-0.900996760,0.884548583,1.000000,check
J7s,Jc 7c,0,224,0.358669897,0.219772556,0.362328978,-0.138897341,0.098214,4x
J7s,Jc 7c,1,408,-0.043304622,-0.004131460,0.023795080,0.039173162,0.644608,check
J7s,Jc 7c,2,285,-0.414205882,-0.194562681,-0.193767912,0.219643201,0.978947,check
J7s,Jc 7c,3,75,-0.793267017,-0.370888447,-0.370888447,0.422378570,1.000000,check
J7s,Jc 7c,4,7,-1.394195773,-0.657540784,-0.657540784,0.736654989,1.000000,check
J7s,Jc 7c,5,1,-1.902942892,-0.868533606,-0.868533606,1.034409286,1.000000,check
J8o,Jc 8d,0,227,0.278051798,0.142483050,0.280229177,-0.135568748,0.048458,4x
J8o,Jc 8d,1,431,-0.167194866,-0.101265638,-0.091990975,0.065929228,0.772622,check
J8o,Jc 8d,2,260,-0.628246483,-0.338181757,-0.338181757,0.290064727,1.000000,check
J8o,Jc 8d,3,80,-1.123018787,-0.579359533,-0.579359533,0.543659255,1.000000,check
J8o,Jc 8d,4,2,-1.687969541,-0.855838256,-0.855838256,0.832131286,1.000000,check
J8s,Jc 8c,0,243,0.555191427,0.339470753,0.555800393,-0.215720674,0.020576,4x
J8s,Jc 8c,1,434,0.190443453,0.139082479,0.212780477,-0.051360974,0.317972,4x
J8s,Jc 8c,2,231,-0.194363627,-0.058242435,-0.053569367,0.136121192,0.917749,check
J8s,Jc 8c,3,80,-0.619437642,-0.266329156,-0.266329156,0.353108486,1.000000,check
J8s,Jc 8c,4,11,-1.337785364,-0.633123786,-0.633123786,0.704661578,1.000000,check
J8s,Jc 8c,5,1,-1.529776291,-0.590969870,-0.590969870,0.938806421,1.000000,check
J9o,Jc 9d,0,236,0.443271142,0.240216574,0.443625581,-0.203054568,0.012712,4x
J9o,Jc 9d,1,418,0.040816756,0.018790163,0.066437340,-0.022026593,0.387560,4x
J9o,Jc 9d,2,267,-0.424802269,-0.221892837,-0.221875953,0.202909432,0.996255,check
J9o,Jc 9d,3,69,-0.937301334,-0.469380622,-0.469380622,0.467920713,1.000000,check
J9o,Jc 9d,4,10,-1.419090559,-0.685441576,-0.685441576,0.733648983,1.000000,check
J9s,Jc 9c,0,264,0.768458586,0.472335162,0.768632203,-0.296123423,0.003788,4x
J9s,Jc 9c,1,394,0.408369063,0.272724707,0.414450435,-0.135644356,0.114213,4x
J9s,Jc 9c,2,271,0.010852815,0.072900927,0.091320000,0.062048112,0.675277,check
J9s,Jc 9c,3,62,-0.431756845,-0.141145304,-0.141145304,0.290611542,1.000000,check
J9s,Jc 9c,4,9,-0.965358196,-0.392563328,-0.392563328,0.572794869,1.000000,check
JTo,Jc Td,0,254,0.698536280,0.396923721,0.698536280,-0.301612559,0.000000,4x
JTo,Jc Td,1,407,0.278601205,0.163404016,0.282208112,-0.115197189,0.085995,4x
JTo,Jc Td,2,252,-0.166969687,-0.068373846,-0.065514937,0.098595841,0.900794,check
JTo,Jc Td,3,76,-0.662094834,-0.308087317,-0.308087317,0.354007517,1.000000,check
JTo,Jc Td,4,10,-1.239605471,-0.571678686,-0.571678686,0.667926785,1.000000,check
JTo,Jc Td,5,1,-2.007716646,-0.917379780,-0.917379780,1.090336866,1.000000,check
JTs,Jc Tc,0,259,1.180563840,0.796595644,1.180563840,-0.383968196,0.000000,4x
JTs,Jc Tc,1,379,0.887744691,0.661204615,0.888332537,-0.226540076,0.010554,4x
JTs,Jc Tc,2,277,0.488299570,0.461210990,0.519215612,-0.027088580,0.364621,4x
JTs,Jc Tc,3,75,0.010837470,0.231246348,0.232994385,0.220408878,0.973333,check
JTs,Jc Tc,4,10,-0.391570932,0.092519367,0.092519367,0.484090299,1.000000,check
K2o,Kc 2d,0,232,0.046746775,-0.035462395,0.047696393,-0.082209170,0.047414,4x
K2o,Kc 2d,1,416,-0.351536432,-0.264086458,-0.263825574,0.087449973,0.978365,check
K2o,Kc 2d,2,259,-0.764590901,-0.492627539,-0.492627539,0.271963362,1.000000,check
K2o,Kc 2d,3,84,-1.161795032,-0.692836293,-0.692836293,0.468958740,1.000000,check
K2o,Kc 2d,4,9,-1.535747135,-0.869922959,-0.869922959,0.665824176,1.000000,check
K2s,Kc 2c,0,266,0.330303061,0.152728010,0.330980297,-0.177575052,0.018797,4x
K2s,Kc 2c,1,397,-0.015560718,-0.050718680,0.003539473,-0.035157962,0.345088,4x
K2s,Kc 2c,2,249,-0.368360469,-0.243503517,-0.241604841,0.124856951,0.919679,check
K2s,Kc 2c,3,78,-0.723192976,-0.427019643,-0.427019643,0.296173333,1.000000,check
K2s,Kc 2c,4,9,-1.289499993,-0.733861073,-0.733861073,0.555638919,1.000000,check
K2s,Kc 2c,5,1,-1.466147223,-0.791948958,-0.791948958,0.674198265,1.000000,check
K3o,Kc 3d,0,260,0.148944392,0.019951962,0.150225270,-0.128992430,0.030769,4x
K3o,Kc 3d,1,392,-0.242970472,-0.209261974,-0.200199507,0.033708498,0.693878,check
K3o,Kc 3d,2,254,-0.652551248,-0.436770957,-0.436770957,0.215780292,1.000000,check
K3o,Kc 3d,3,84,-1.035035700,-0.633058979,-0.633058979,0.401976721,1.000000,check
K3o,Kc 3d,4,10,-1.452906140,-0.850136077,-0.850136077,0.602770063,1.000000,check
K3s,Kc 3c,0,215,0.427487068,0.205699903,0.427952576,-0.221787165,0.004651,4x
K3s,Kc 3c,1,440,0.076508970,-0.000501382,0.087692778,-0.077010352,0.211364,4x
K3s,Kc 3c,2,277,-0.258334619,-0.185156359,-0.173113879,0.073178260,0.772563,check
K3s,Kc 3c,3,66,-0.625240010,-0.379143512,-0.379143512,0.246096498,1.000000,check
K3s,Kc 3c,4,2,-0.987505138,-0.566690228,-0.566690228,0.420814910,1.000000,check
K4o,Kc 4d,0,235,0.238923285,0.068084300,0.239366111,-0.170838985,0.008511,4x
K4o,Kc 4d,1,433,-0.137872355,-0.154812386,-0.121436434,-0.016940032,0.344111,4x
K4o,Kc 4d,2,242,-0.540844374,-0.378837580,-0.378837580,0.162006793,1.000000,check
K4o,Kc 4d,3,75,-0.943154557,-0.592418711,-0.592418711,0.350735846,1.000000,check
K4o,Kc 4d,4,14,-1.283974765,-0.767641822,-0.767641822,0.516332944,1.000000,check
K4o,Kc 4d,5,1,-1.631873169,-0.892596102,-0.892596102,0.739277067,1.000000,check
K4s,Kc 4c,0,226,0.526793721,0.261769240,0.526793721,-0.265024481,0.000000,4x
K4s,Kc 4c,1,414,0.170497458,0.048019386,0.173938720,-0.122478073,0.072464,4x
K4s,Kc 4c,2,265,-0.156799827,-0.136269813,-0.108260144,0.020530015,0.600000,check
K4s,Kc 4c,3,80,-0.416480965,-0.266418610,-0.265776269,0.150062356,0.962500,check
K4s,Kc 4c,4,15,-0.827439376,-0.471374942,-0.471374942,0.356064434,1.000000,check
K5o,Kc 5d,0,234,0.334359178,0.116550998,0.334359178,-0.217808181,0.000000,4x
K5o,Kc 5d,1,416,-0.036132421,-0.103289999,-0.030315594,-0.067157578,0.139423,4x
K5o,Kc 5d,2,270,-0.423903290,-0.321478267,-0.320697871,0.102425023,0.948148,check
K5o,Kc 5d,3,72,-0.835789115,-0.541561473,-0.541561473,0.294227642,1.000000,check
K5o,Kc 5d,4,8,-1.199497283,-0.721513505,-0.721513505,0.477983778,1.000000,check
K5s,Kc 5c,0,235,0.634504451,0.320823584,0.634504451,-0.313680868,0.000000,4x
K5s,Kc 5c,1,416,0.296546916,0.118108013,0.297477248,-0.178438904,0.028846,4x
K5s,Kc 5c,2,266,-0.060270542,-0.088565817,-0.036077240,-0.028295276,0.379699,4x
K5s,Kc 5c,3,75,-0.405393428,-0.272078417,-0.268482141,0.133315011,0.906667,check
K5s,Kc 5c,4,8,-0.710453028,-0.422117888,-0.422117888,0.288335140,1.000000,check
K6o,Kc 6d,0,224,0.432738683,0.168257868,0.432738683,-0.264480815,0.000000,4x
K6o,Kc 6d,1,423,0.055002240,-0.057924730,0.055929631,-0.112926970,0.049645,4x
K6o,Kc 6d,2,277,-0.343482321,-0.284014767,-0.278751717,0.059467554,0.833935,check
K6o,Kc 6d,3,70,-0.723454998,-0.490919208,-0.490919208,0.232535791,1.000000,check
K6o,Kc 6d,4,6,-1.069430481,-0.652711557,-0.652711557,0.416718923,1.000000,check
K6s,Kc 6c,0,238,0.715238091,0.359612692,0.715238091,-0.355625400,0.000000,4x
K6s,Kc 6c,1,410,0.365117893,0.148319813,0.365426646,-0.216798080,0.012195,4x
K6s,Kc 6c,2,255,0.046146179,-0.030111720,0.056417857,-0.076257899,0.211765,4x
K6s,Kc 6c,3,87,-0.299427526,-0.216232943,-0.205971367,0.083194582,0.770115,check
K6s,Kc 6c,4,10,-0.660373826,-0.407162317,-0.407162317,0.253211508,1.000000,check
K7o,Kc 7d,0,233,0.545464986,0.229645838,0.545464986,-0.315819149,0.000000,4x
K7o,Kc 7d,1,428,0.161787446,-0.000579085,0.162128552,-0.162366532,0.007009,4x
K7o,Kc 7d,2,258,-0.227221990,-0.224460521,-0.202356474,0.002761469,0.534884,check
K7o,Kc 7d,3,74,-0.648558797,-0.449756219,-0.449756219,0.198802577,1.000000,check
K7o,Kc 7d,4,6,-1.082158759,-0.672162988,-0.672162988,0.409995770,1.000000,check
K7o,Kc 7d,5,1,-1.509883885,-0.900915925,-0.900915925,0.608967960,1.000000,check
K7s,Kc 7c,0,257,0.823154011,0.419744211,0.823154011,-0.403409800,0.000000,4x
K7s,Kc 7c,1,437,0.490005809,0.217510465,0.490028921,-0.272495344,0.002288,4x
K7s,Kc 7c,2,215,0.102596535,-0.005466449,0.105701657,-0.108062984,0.088372,4x
K7s,Kc 7c,3,80,-0.227381099,-0.182695066,-0.166145603,0.044686033,0.675000,check
K7s,Kc 7c,4,11,-0.547348379,-0.346188817,-0.346188817,0.201159562,1.000000,check
K8o,Kc 8d,0,248,0.643036435,0.282063189,0.643036435,-0.360973246,0.000000,4x
K8o,Kc 8d,1,420,0.263902655,0.052663309,0.263902655,-0.211239346,0.000000,4x
K8o,Kc 8d,2,250,-0.149319623,-0.182586631,-0.137742627,-0.033267007,0.304000,4x
K8o,Kc 8d,3,77,-0.592485640,-0.422389441,-0.422389441,0.170096200,1.000000,check
K8o,Kc 8d,4,4,-1.096609751,-0.696336887,-0.696336887,0.400272864,1.000000,check
K8o,Kc 8d,5,1,-1.661379032,-0.921829328,-0.921829328,0.739549704,1.000000,check
K8s,Kc 8c,0,224,0.923164174,0.474350175,0.923164174,-0.448813999,0.000000,4x
K8s,Kc 8c,1,409,0.569934415,0.260706547,0.569934415,-0.309227868,0.000000,4x
K8s,Kc 8c,2,279,0.190194966,0.041711046,0.192709870,-0.148483920,0.060932,4x
K8s,Kc 8c,3,78,-0.184053010,-0.160005359,-0.139117647,0.024047650,0.679487,check
K8s,Kc 8c,4,10,-0.662541409,-0.424035845,-0.424035845,0.238505564,1.000000,check
K9o,Kc 9d,0,254,0.866881881,0.416146976,0.866881881,-0.450734905,0.000000,4x
K9o,Kc 9d,1,417,0.464551302,0.172416345,0.464551302,-0.292134957,0.000000,4x
K9o,Kc 9d,2,252,0.036819818,-0.072260603,0.038678438,-0.109080421,0.059524,4x
K9o,Kc 9d,3,68,-0.417329140,-0.320560013,-0.316322176,0.096769127,0.897059,check
K9o,Kc 9d,4,9,-0.898025850,-0.558962983,-0.558962983,0.339062867,1.000000,check
K9s,Kc 9c,0,244,1.139284288,0.615473815,1.139284288,-0.523810472,0.000000,4x
K9s,Kc 9c,1,423,0.794924357,0.404784634,0.794924357,-0.390139723,0.000000,4x
K9s,Kc 9c,2,254,0.415365642,0.187691830,0.415365642,-0.227673812,0.000000,4x
K9s,Kc 9c,3,72,-0.009493009,-0.046626799,0.016511627,-0.037133790,0.388889,4x
K9s,Kc 9c,4,6,-0.472349587,-0.279453296,-0.279453296,0.192896292,1.000000,check
K9s,Kc 9c,5,1,-1.003414579,-0.589324927,-0.589324927,0.414089652,1.000000,check
KJo,Kc Jd,0,241,1.209765193,0.632739176,1.209765193,-0.577026017,0.000000,4x
KJo,Kc Jd,1,435,0.802085550,0.382112276,0.802085550,-0.419973274,0.000000,4x
KJo,Kc Jd,2,247,0.347106711,0.118455670,0.347610952,-0.228651041,0.004049,4x
KJo,Kc Jd,3,69,-0.131724654,-0.142470859,-0.104756870,-0.010746205,0.391304,4x
KJo,Kc Jd,4,8,-0.671449935,-0.422609997,-0.422609997,0.248839937,1.000000,check
KJs,Kc Jc,0,251,1.639034437,1.003225183,1.639034437,-0.635809253,0.000000,4x
KJs,Kc Jc,1,377,1.298174260,0.803747230,1.298174260,-0.494427030,0.000000,4x
KJs,Kc Jc,2,270,0.957962094,0.623707345,0.957962094,-0.334254749,0.000000,4x
KJs,Kc Jc,3,92,0.500476529,0.380443098,0.507758833,-0.120033432,0.108696,4x
KJs,Kc Jc,4,10,-0.083598998,0.044976759,0.051011501,0.128575758,0.900000,check
KQo,Kc Qd,0,263,1.312152271,0.693695236,1.312152271,-0.618457036,0.000000,4x
KQo,Kc Qd,1,415,0.892348638,0.434679174,0.892348638,-0.457669464,0.000000,4x
KQo,Kc Qd,2,232,0.418348950,0.159201750,0.418348950,-0.259147200,0.000000,4x
KQo,Kc Qd,3,80,-0.103142827,-0.121816436,-0.081148800,-0.018673610,0.375000,4x
KQo,Kc Qd,4,9,-0.711397812,-0.441800949,-0.441800949,0.269596863,1.000000,check
KQo,Kc Qd,5,1,-1.374688507,-0.767014885,-0.767014885,0.607673622,1.000000,check
KQs,Kc Qc,0,234,1.775805563,1.092276487,1.775805563,-0.683529076,0.000000,4x
KQs,Kc Qc,1,391,1.375477102,0.840387602,1.375477102,-0.535089499,0.000000,4x
KQs,Kc Qc,2,286,1.007804142,0.646224350,1.007804142,-0.361579792,0.000000,4x
KQs,Kc Qc,3,81,0.570887524,0.422791092,0.575370881,-0.148096432,0.074074,4x
KQs,Kc Qc,4,8,0.044423874,0.155285080,0.160211245,0.110861206,0.875000,check
KTo,Kc Td,0,267,1.092453604,0.565303498,1.092453604,-0.527150106,0.000000,4x
KTo,Kc Td,1,401,0.707788257,0.328746648,0.707788257,-0.379041609,0.000000,4x
KTo,Kc Td,2,261,0.277998805,0.080635989,0.278193853,-0.197362816,0.003831,4x
KTo,Kc Td,3,62,-0.158907694,-0.160701368,-0.126361455,-0.001793674,0.467742,4x
KTo,Kc Td,4,9,-0.675258905,-0.425675001,-0.425675001,0.249583903,1.000000,check
KTs,Kc Tc,0,226,1.559780711,0.959799566,1.559780711,-0.599981145,0.000000,4x
KTs,Kc Tc,1,422,1.249559116,0.782959030,1.249559116,-0.466600086,0.000000,4x
KTs,Kc Tc,2,252,0.905393144,0.594150378,0.905585372,-0.311242767,0.003968,4x
KTs,Kc Tc,3,88,0.558144098,0.421758303,0.561666022,-0.136385796,0.079545,4x
KTs,Kc Tc,4,11,0.168026857,0.245437088,0.259766719,0.077410231,0.818182,check
KTs,Kc Tc,5,1,-0.929695161,-0.521471697,-0.521471697,0.408223464,1.000000,check
Q2o,Qc 2d,0,236,-0.264634933,-0.173940171,-0.173298388,0.090694762,0.957627,check
Q2o,Qc 2d,1,417,-0.691655874,-0.410251577,-0.410251577,0.281404297,1.000000,check
Q2o,Qc 2d,2,246,-1.113058583,-0.627864253,-0.627864253,0.485194329,1.000000,check
Q2o,Qc 2d,3,87,-1.548646585,-0.835725815,-0.835725815,0.712920770,1.000000,check
Q2o,Qc 2d,4,13,-2.062458218,-1.082714348,-1.082714348,0.979743870,1.000000,check
Q2o,Qc 2d,6,1,-2.983320559,-1.439583085,-1.439583085,1.543737474,1.000000,check
Q2s,Qc 2c,0,246,0.065652252,0.033778735,0.087756369,-0.031873517,0.373984,4x
Q2s,Qc 2c,1,416,-0.317431759,-0.181558119,-0.178675457,0.135873639,0.918269,check
Q2s,Qc 2c,2,240,-0.704608992,-0.383819827,-0.383819827,0.320789165,1.000000,check
Q2s,Qc 2c,3,86,-1.042047236,-0.546041544,-0.546041544,0.496005693,1.000000,check
Q2s,Qc 2c,4,12,-1.468082475,-0.750259436,-0.750259436,0.717823039,1.000000,check
Q3o,Qc 3d,0,257,-0.155008204,-0.116116398,-0.107657071,0.038891806,0.743191,check
Q3o,Qc 3d,1,417,-0.586165254,-0.357132659,-0.357132659,0.229032596,1.000000,check
Q3o,Qc 3d,2,241,-1.005806397,-0.579627065,-0.579627065,0.426179332,1.000000,check
Q3o,Qc 3d,3,74,-1.461696259,-0.805418974,-0.805418974,0.656277285,1.000000,check
Q3o,Qc 3d,4,10,-1.903114825,-1.033194797,-1.033194797,0.869920028,1.000000,check
Q3o,Qc 3d,5,1,-2.394479186,-1.255374494,-1.255374494,1.139104692,1.000000,check
Q3s,Qc 3c,0,247,0.150550074,0.079204926,0.162893063,-0.071345148,0.206478,4x
Q3s,Qc 3c,1,425,-0.214695014,-0.130010909,-0.120171982,0.084684104,0.807059,check
Q3s,Qc 3c,2,256,-0.593863969,-0.328781821,-0.328781821,0.265082148,1.000000,check
Q3s,Qc 3c,3,67,-0.953373616,-0.505005669,-0.505005669,0.448367947,1.000000,check
Q3s,Qc 3c,4,5,-1.373581546,-0.709331829,-0.709331829,0.664249717,1.000000,check
Q4o,Qc 4d,0,238,-0.049987844,-0.063045931,-0.029881697,-0.013058087,0.403361,4x
Q4o,Qc 4d,1,419,-0.474923412,-0.302082756,-0.302079083,0.172840656,0.997613,check
Q4o,Qc 4d,2,253,-0.895560575,-0.527144356,-0.527144356,0.368416220,1.000000,check
Q4o,Qc 4d,3,75,-1.318726041,-0.740736165,-0.740736165,0.577989876,1.000000,check
Q4o,Qc 4d,4,15,-1.771970326,-0.961497994,-0.961497994,0.810472331,1.000000,check
Q4s,Qc 4c,0,229,0.229519461,0.117389079,0.234884653,-0.112130382,0.126638,4x
Q4s,Qc 4c,1,413,-0.125885537,-0.084767988,-0.063310923,0.041117549,0.665860,check
Q4s,Qc 4c,2,264,-0.510408848,-0.290180265,-0.290115539,0.220228583,0.996212,check
Q4s,Qc 4c,3,85,-0.852063153,-0.464702125,-0.464702125,0.387361028,1.000000,check
Q4s,Qc 4c,4,9,-1.244572975,-0.630120526,-0.630120526,0.614452449,1.000000,check
Q5o,Qc 5d,0,238,0.057914961,-0.009835586,0.064656803,-0.067750547,0.155462,4x
Q5o,Qc 5d,1,400,-0.360973155,-0.248014961,-0.247502065,0.112958194,0.970000,check
Q5o,Qc 5d,2,264,-0.765089032,-0.466828710,-0.466828710,0.298260322,1.000000,check
Q5o,Qc 5d,3,80,-1.207936957,-0.689116044,-0.689116044,0.518820913,1.000000,check
Q5o,Qc 5d,4,18,-1.662291907,-0.913263064,-0.913263064,0.749028844,1.000000,check
Q5s,Qc 5c,0,230,0.355246146,0.185234068,0.356846206,-0.170012078,0.043478,4x
Q5s,Qc 5c,1,429,-0.016987610,-0.030443501,0.017103248,-0.013455891,0.426573,4x
Q5s,Qc 5c,2,250,-0.403073392,-0.242636775,-0.240619327,0.160436617,0.944000,check
Q5s,Qc 5c,3,80,-0.750263059,-0.409610446,-0.409610446,0.340652613,1.000000,check
Q5s,Qc 5c,4,11,-1.114384415,-0.591280155,-0.591280155,0.523104261,1.000000,check
Q6o,Qc 6d,0,236,0.136242427,0.029659674,0.138316629,-0.106582753,0.055085,4x
Q6o,Qc 6d,1,420,-0.272259933,-0.204065334,-0.199303514,0.068194599,0.845238,check
Q6o,Qc 6d,2,262,-0.697242359,-0.432520248,-0.432520248,0.264722111,1.000000,check
Q6o,Qc 6d,3,69,-1.116798372,-0.647451990,-0.647451990,0.469346383,1.000000,check
Q6o,Qc 6d,4,13,-1.586732190,-0.874827456,-0.874827456,0.711904735,1.000000,check
Q6s,Qc 6c,0,219,0.403745234,0.205525113,0.404121388,-0.198220121,0.004566,4x
Q6s,Qc 6c,1,423,0.064439110,0.008820015,0.082282029,-0.055619095,0.262411,4x
Q6s,Qc 6c,2,269,-0.298851111,-0.184353382,-0.176882106,0.114497729,0.847584,check
Q6s,Qc 6c,3,83,-0.713218436,-0.400951665,-0.400951665,0.312266771,1.000000,check
Q6s,Qc 6c,4,4,-1.251027446,-0.654609246,-0.654609246,0.596418200,1.000000,check
Q6s,Qc 6c,5,2,-1.189044940,-0.588042415,-0.588042415,0.601002525,1.000000,check
Q7o,Qc 7d,0,277,0.236609752,0.082485589,0.237022773,-0.154124163,0.018051,4x
Q7o,Qc 7d,1,389,-0.198109492,-0.166532521,-0.152028872,0.031576971,0.655527,check
Q7o,Qc 7d,2,254,-0.602578803,-0.384503979,-0.384503979,0.218074824,1.000000,check
Q7o,Qc 7d,3,69,-1.048555010,-0.618068493,-0.618068493,0.430486516,1.000000,check
Q7o,Qc 7d,4,11,-1.587926247,-0.884896704,-0.884896704,0.703029543,1.000000,check
Q7s,Qc 7c,0,231,0.516820776,0.267190668,0.517188155,-0.249630109,0.004329,4x
Q7s,Qc 7c,1,421,0.165071916,0.064793482,0.173276418,-0.100278434,0.159145,4x
Q7s,Qc 7c,2,265,-0.247188439,-0.162125247,-0.152284416,0.085063192,0.792453,check
Q7s,Qc 7c,3,79,-0.618786509,-0.352906908,-0.352906908,0.265879602,1.000000,check
Q7s,Qc 7c,4,4,-1.064348781,-0.570047327,-0.570047327,0.494301454,1.000000,check
Q8o,Qc 8d,0,251,0.444430309,0.201656194,0.444536453,-0.242774115,0.003984,4x
Q8o,Qc 8d,1,407,0.024949398,-0.040908055,0.033478211,-0.065857453,0.208845,4x
Q8o,Qc 8d,2,258,-0.416430688,-0.281390652,-0.280717433,0.135040036,0.965116,check
Q8o,Qc 8d,3,73,-0.864485396,-0.509207605,-0.509207605,0.355277791,1.000000,check
Q8o,Qc 8d,4,11,-1.333893424,-0.735754304,-0.735754304,0.598139120,1.000000,check
Q8s,Qc 8c,0,223,0.738338836,0.403721787,0.738338836,-0.334617048,0.000000,4x
Q8s,Qc 8c,1,412,0.351874238,0.180050499,0.353143054,-0.171823739,0.041262,4x
Q8s,Qc 8c,2,277,-0.045801842,-0.039276985,-0.005549616,0.006524856,0.555957,check
Q8s,Qc 8c,3,77,-0.432017732,-0.232537603,-0.232537603,0.199480129,1.000000,check
Q8s,Qc 8c,4,10,-0.706963473,-0.342745358,-0.342745358,0.364218114,1.000000,check
Q8s,Qc 8c,5,1,-1.246906523,-0.606644633,-0.606644633,0.640261890,1.000000,check
Q9o,Qc 9d,0,200,0.654996469,0.324532807,0.654996469,-0.330463661,0.000000,4x
Q9o,Qc 9d,1,451,0.228914944,0.079744243,0.229997546,-0.149170701,0.026608,4x
Q9o,Qc 9d,2,249,-0.199109720,-0.156000884,-0.144004995,0.043108835,0.726908,check
Q9o,Qc 9d,3,91,-0.672438310,-0.397514497,-0.397514497,0.274923813,1.000000,check
Q9o,Qc 9d,4,8,-1.175788458,-0.652179115,-0.652179115,0.523609343,1.000000,check
Q9o,Qc 9d,5,1,-1.494660544,-0.765600788,-0.765600788,0.729059756,1.000000,check
Q9s,Qc 9c,0,234,0.934695027,0.526645884,0.934695027,-0.408049142,0.000000,4x
Q9s,Qc 9c,1,405,0.561845839,0.310528277,0.561867673,-0.251317561,0.002469,4x
Q9s,Qc 9c,2,280,0.183882039,0.108451903,0.196521206,-0.075430136,0.235714,4x
Q9s,Qc 9c,3,70,-0.236998426,-0.108926373,-0.104252664,0.128072053,0.885714,check
Q9s,Qc 9c,4,11,-0.521042536,-0.216499538,-0.216499538,0.304542998,1.000000,check
QJo,Qc Jd,0,223,0.979656446,0.527030374,0.979656446,-0.452626071,0.000000,4x
QJo,Qc Jd,1,441,0.562697521,0.282019762,0.562697521,-0.280677759,0.000000,4x
QJo,Qc Jd,2,260,0.104907804,0.030515069,0.111048683,-0.074392735,0.134615,4x
QJo,Qc Jd,3,67,-0.393839445,-0.221491214,-0.221491214,0.172348231,1.000000,check
QJo,Qc Jd,4,8,-1.055038632,-0.541481690,-0.541481690,0.513556942,1.000000,check
QJo,Qc Jd,5,1,-1.356108857,-0.656986519,-0.656986519,0.699122338,1.000000,check
QJs,Qc Jc,0,245,1.462682143,0.927029582,1.462682143,-0.535652562,0.000000,4x
QJs,Qc Jc,1,399,1.146907537,0.769257274,1.146907537,-0.377650262,0.000000,4x
QJs,Qc Jc,2,270,0.721635896,0.536434077,0.723228378,-0.185201820,0.033333,4x
QJs,Qc Jc,3,78,0.262144020,0.312928578,0.333689753,0.050784558,0.705128,check
QJs,Qc Jc,4,8,-0.262935691,0.059091354,0.059091354,0.322027046,1.000000,check
QTo,Qc Td,0,232,0.858093114,0.458065365,0.858093114,-0.400027749,0.000000,4x
QTo,Qc Td,1,414,0.478025325,0.234597466,0.478273837,-0.243427859,0.004831,4x
QTo,Qc Td,2,271,0.029543084,-0.011416285,0.045419143,-0.040959369,0.276753,4x
QTo,Qc Td,3,72,-0.446105128,-0.260509633,-0.260509633,0.185595495,1.000000,check
QTo,Qc Td,4,10,-0.957701289,-0.509643328,-0.509643328,0.448057961,1.000000,check
QTo,Qc Td,5,1,-1.929972118,-0.973514764,-0.973514764,0.956457354,1.000000,check
QTs,Qc Tc,0,270,1.376811107,0.891366652,1.376811107,-0.485444455,0.000000,4x
QTs,Qc Tc,1,379,1.028742117,0.690455647,1.028742117,-0.338286470,0.000000,4x
QTs,Qc Tc,2,272,0.671287826,0.506785085,0.674257743,-0.164502742,0.058824,4x
QTs,Qc Tc,3,68,0.258685386,0.306983836,0.331414339,0.048298450,0.588235,check
QTs,Qc Tc,4,10,-0.453009442,-0.098338982,-0.098338982,0.354670460,1.000000,check
QTs,Qc Tc,5,1,-1.550467874,-0.780120830,-0.780120830,0.770347044,1.000000,check
T8o,Tc 8d,0,246,0.086327003,0.076265747,0.117262606,-0.010061256,0.455285,4x
T8o,Tc 8d,1,413,-0.317473339,-0.135219461,-0.135200788,0.182253877,0.997579,check
T8o,Tc 8d,2,264,-0.799259821,-0.366853578,-0.366853578,0.432406243,1.000000,check
T8o,Tc 8d,3,65,-1.297636365,-0.594376409,-0.594376409,0.703259956,1.000000,check
T8o,Tc 8d,4,11,-1.843793433,-0.817788296,-0.817788296,1.026005137,1.000000,check
T8o,Tc 8d,5,1,-2.851600323,-1.228565554,-1.228565554,1.623034769,1.000000,check
T8s,Tc 8c,0,222,0.458456091,0.327665301,0.467554224,-0.130790790,0.157658,4x
T8s,Tc 8c,1,429,0.063101467,0.121151224,0.146305728,0.058049757,0.671329,check
T8s,Tc 8c,2,257,-0.336112505,-0.066663915,-0.066409301,0.269448590,0.988327,check
T8s,Tc 8c,3,80,-0.765170103,-0.259482268,-0.259482268,0.505687836,1.000000,check
T8s,Tc 8c,4,11,-1.163728241,-0.398140046,-0.398140046,0.765588195,1.000000,check
T8s,Tc 8c,5,1,-1.586273622,-0.525649891,-0.525649891,1.060623731,1.000000,check
T9o,Tc 9d,0,256,0.293424446,0.191212435,0.299068718,-0.102212011,0.144531,4x
T9o,Tc 9d,1,407,-0.117039811,-0.023179814,-0.017431075,0.093859997,0.852580,check
T9o,Tc 9d,2,249,-0.599048465,-0.258744168,-0.258744168,0.340304297,1.000000,check
T9o,Tc 9d,3,79,-1.101465832,-0.483116731,-0.483116731,0.618349101,1.000000,check
T9o,Tc 9d,4,8,-1.658438757,-0.707828926,-0.707828926,0.950609830,1.000000,check
T9o,Tc 9d,5,1,-1.984510326,-0.821999620,-0.821999620,1.162510706,1.000000,check
T9s,Tc 9c,0,243,0.656156687,0.447458915,0.657483636,-0.208697772,0.037037,4x
T9s,Tc 9c,1,407,0.285149121,0.256846786,0.318858296,-0.028302334,0.390663,4x
T9s,Tc 9c,2,262,-0.141430184,0.050421965,0.051806570,0.191852149,0.946565,check
T9s,Tc 9c,3,73,-0.543494846,-0.118646375,-0.118646375,0.424848472,1.000000,check
T9s,Tc 9c,4,13,-1.161345522,-0.393857426,-0.393857426,0.767488096,1.000000,check
T9s,Tc 9c,5,2,-1.786910694,-0.657146148,-0.657146148,1.129764546,1.000000,check
